--
-- PostgreSQL database dump
--

-- Dumped from database version 16.1
-- Dumped by pg_dump version 16.1

-- Started on 2024-10-31 20:26:27

SET statement_timeout = 0;
SET lock_timeout = 0;
SET idle_in_transaction_session_timeout = 0;
SET client_encoding = 'UTF8';
SET standard_conforming_strings = on;
SELECT pg_catalog.set_config('search_path', '', false);
SET check_function_bodies = false;
SET xmloption = content;
SET client_min_messages = warning;
SET row_security = off;

SET default_tablespace = '';

SET default_table_access_method = heap;

--
-- TOC entry 222 (class 1259 OID 16621)
-- Name: auth_group; Type: TABLE; Schema: public; Owner: postgres
--

CREATE TABLE public.auth_group (
    id integer NOT NULL,
    name character varying(150) NOT NULL
);


ALTER TABLE public.auth_group OWNER TO postgres;

--
-- TOC entry 221 (class 1259 OID 16620)
-- Name: auth_group_id_seq; Type: SEQUENCE; Schema: public; Owner: postgres
--

ALTER TABLE public.auth_group ALTER COLUMN id ADD GENERATED BY DEFAULT AS IDENTITY (
    SEQUENCE NAME public.auth_group_id_seq
    START WITH 1
    INCREMENT BY 1
    NO MINVALUE
    NO MAXVALUE
    CACHE 1
);


--
-- TOC entry 224 (class 1259 OID 16629)
-- Name: auth_group_permissions; Type: TABLE; Schema: public; Owner: postgres
--

CREATE TABLE public.auth_group_permissions (
    id bigint NOT NULL,
    group_id integer NOT NULL,
    permission_id integer NOT NULL
);


ALTER TABLE public.auth_group_permissions OWNER TO postgres;

--
-- TOC entry 223 (class 1259 OID 16628)
-- Name: auth_group_permissions_id_seq; Type: SEQUENCE; Schema: public; Owner: postgres
--

ALTER TABLE public.auth_group_permissions ALTER COLUMN id ADD GENERATED BY DEFAULT AS IDENTITY (
    SEQUENCE NAME public.auth_group_permissions_id_seq
    START WITH 1
    INCREMENT BY 1
    NO MINVALUE
    NO MAXVALUE
    CACHE 1
);


--
-- TOC entry 220 (class 1259 OID 16615)
-- Name: auth_permission; Type: TABLE; Schema: public; Owner: postgres
--

CREATE TABLE public.auth_permission (
    id integer NOT NULL,
    name character varying(255) NOT NULL,
    content_type_id integer NOT NULL,
    codename character varying(100) NOT NULL
);


ALTER TABLE public.auth_permission OWNER TO postgres;

--
-- TOC entry 219 (class 1259 OID 16614)
-- Name: auth_permission_id_seq; Type: SEQUENCE; Schema: public; Owner: postgres
--

ALTER TABLE public.auth_permission ALTER COLUMN id ADD GENERATED BY DEFAULT AS IDENTITY (
    SEQUENCE NAME public.auth_permission_id_seq
    START WITH 1
    INCREMENT BY 1
    NO MINVALUE
    NO MAXVALUE
    CACHE 1
);


--
-- TOC entry 226 (class 1259 OID 16635)
-- Name: auth_user; Type: TABLE; Schema: public; Owner: postgres
--

CREATE TABLE public.auth_user (
    id integer NOT NULL,
    password character varying(128) NOT NULL,
    last_login timestamp with time zone,
    is_superuser boolean NOT NULL,
    username character varying(150) NOT NULL,
    first_name character varying(150) NOT NULL,
    last_name character varying(150) NOT NULL,
    email character varying(254) NOT NULL,
    is_staff boolean NOT NULL,
    is_active boolean NOT NULL,
    date_joined timestamp with time zone NOT NULL
);


ALTER TABLE public.auth_user OWNER TO postgres;

--
-- TOC entry 228 (class 1259 OID 16643)
-- Name: auth_user_groups; Type: TABLE; Schema: public; Owner: postgres
--

CREATE TABLE public.auth_user_groups (
    id bigint NOT NULL,
    user_id integer NOT NULL,
    group_id integer NOT NULL
);


ALTER TABLE public.auth_user_groups OWNER TO postgres;

--
-- TOC entry 227 (class 1259 OID 16642)
-- Name: auth_user_groups_id_seq; Type: SEQUENCE; Schema: public; Owner: postgres
--

ALTER TABLE public.auth_user_groups ALTER COLUMN id ADD GENERATED BY DEFAULT AS IDENTITY (
    SEQUENCE NAME public.auth_user_groups_id_seq
    START WITH 1
    INCREMENT BY 1
    NO MINVALUE
    NO MAXVALUE
    CACHE 1
);


--
-- TOC entry 225 (class 1259 OID 16634)
-- Name: auth_user_id_seq; Type: SEQUENCE; Schema: public; Owner: postgres
--

ALTER TABLE public.auth_user ALTER COLUMN id ADD GENERATED BY DEFAULT AS IDENTITY (
    SEQUENCE NAME public.auth_user_id_seq
    START WITH 1
    INCREMENT BY 1
    NO MINVALUE
    NO MAXVALUE
    CACHE 1
);


--
-- TOC entry 230 (class 1259 OID 16649)
-- Name: auth_user_user_permissions; Type: TABLE; Schema: public; Owner: postgres
--

CREATE TABLE public.auth_user_user_permissions (
    id bigint NOT NULL,
    user_id integer NOT NULL,
    permission_id integer NOT NULL
);


ALTER TABLE public.auth_user_user_permissions OWNER TO postgres;

--
-- TOC entry 229 (class 1259 OID 16648)
-- Name: auth_user_user_permissions_id_seq; Type: SEQUENCE; Schema: public; Owner: postgres
--

ALTER TABLE public.auth_user_user_permissions ALTER COLUMN id ADD GENERATED BY DEFAULT AS IDENTITY (
    SEQUENCE NAME public.auth_user_user_permissions_id_seq
    START WITH 1
    INCREMENT BY 1
    NO MINVALUE
    NO MAXVALUE
    CACHE 1
);


--
-- TOC entry 233 (class 1259 OID 16735)
-- Name: authtoken_token; Type: TABLE; Schema: public; Owner: postgres
--

CREATE TABLE public.authtoken_token (
    key character varying(40) NOT NULL,
    created timestamp with time zone NOT NULL,
    user_id integer NOT NULL
);


ALTER TABLE public.authtoken_token OWNER TO postgres;

--
-- TOC entry 235 (class 1259 OID 16749)
-- Name: category_category; Type: TABLE; Schema: public; Owner: postgres
--

CREATE TABLE public.category_category (
    id bigint NOT NULL,
    name character varying(30) NOT NULL,
    slug character varying(50) NOT NULL
);


ALTER TABLE public.category_category OWNER TO postgres;

--
-- TOC entry 234 (class 1259 OID 16748)
-- Name: category_category_id_seq; Type: SEQUENCE; Schema: public; Owner: postgres
--

ALTER TABLE public.category_category ALTER COLUMN id ADD GENERATED BY DEFAULT AS IDENTITY (
    SEQUENCE NAME public.category_category_id_seq
    START WITH 1
    INCREMENT BY 1
    NO MINVALUE
    NO MAXVALUE
    CACHE 1
);


--
-- TOC entry 232 (class 1259 OID 16707)
-- Name: django_admin_log; Type: TABLE; Schema: public; Owner: postgres
--

CREATE TABLE public.django_admin_log (
    id integer NOT NULL,
    action_time timestamp with time zone NOT NULL,
    object_id text,
    object_repr character varying(200) NOT NULL,
    action_flag smallint NOT NULL,
    change_message text NOT NULL,
    content_type_id integer,
    user_id integer NOT NULL,
    CONSTRAINT django_admin_log_action_flag_check CHECK ((action_flag >= 0))
);


ALTER TABLE public.django_admin_log OWNER TO postgres;

--
-- TOC entry 231 (class 1259 OID 16706)
-- Name: django_admin_log_id_seq; Type: SEQUENCE; Schema: public; Owner: postgres
--

ALTER TABLE public.django_admin_log ALTER COLUMN id ADD GENERATED BY DEFAULT AS IDENTITY (
    SEQUENCE NAME public.django_admin_log_id_seq
    START WITH 1
    INCREMENT BY 1
    NO MINVALUE
    NO MAXVALUE
    CACHE 1
);


--
-- TOC entry 218 (class 1259 OID 16607)
-- Name: django_content_type; Type: TABLE; Schema: public; Owner: postgres
--

CREATE TABLE public.django_content_type (
    id integer NOT NULL,
    app_label character varying(100) NOT NULL,
    model character varying(100) NOT NULL
);


ALTER TABLE public.django_content_type OWNER TO postgres;

--
-- TOC entry 217 (class 1259 OID 16606)
-- Name: django_content_type_id_seq; Type: SEQUENCE; Schema: public; Owner: postgres
--

ALTER TABLE public.django_content_type ALTER COLUMN id ADD GENERATED BY DEFAULT AS IDENTITY (
    SEQUENCE NAME public.django_content_type_id_seq
    START WITH 1
    INCREMENT BY 1
    NO MINVALUE
    NO MAXVALUE
    CACHE 1
);


--
-- TOC entry 216 (class 1259 OID 16599)
-- Name: django_migrations; Type: TABLE; Schema: public; Owner: postgres
--

CREATE TABLE public.django_migrations (
    id bigint NOT NULL,
    app character varying(255) NOT NULL,
    name character varying(255) NOT NULL,
    applied timestamp with time zone NOT NULL
);


ALTER TABLE public.django_migrations OWNER TO postgres;

--
-- TOC entry 215 (class 1259 OID 16598)
-- Name: django_migrations_id_seq; Type: SEQUENCE; Schema: public; Owner: postgres
--

ALTER TABLE public.django_migrations ALTER COLUMN id ADD GENERATED BY DEFAULT AS IDENTITY (
    SEQUENCE NAME public.django_migrations_id_seq
    START WITH 1
    INCREMENT BY 1
    NO MINVALUE
    NO MAXVALUE
    CACHE 1
);


--
-- TOC entry 246 (class 1259 OID 16833)
-- Name: django_session; Type: TABLE; Schema: public; Owner: postgres
--

CREATE TABLE public.django_session (
    session_key character varying(40) NOT NULL,
    session_data text NOT NULL,
    expire_date timestamp with time zone NOT NULL
);


ALTER TABLE public.django_session OWNER TO postgres;

--
-- TOC entry 237 (class 1259 OID 16757)
-- Name: product_product; Type: TABLE; Schema: public; Owner: postgres
--

CREATE TABLE public.product_product (
    id bigint NOT NULL,
    name character varying(255) NOT NULL,
    description text,
    price numeric(10,2) NOT NULL,
    image character varying(100)
);


ALTER TABLE public.product_product OWNER TO postgres;

--
-- TOC entry 245 (class 1259 OID 16814)
-- Name: product_product_category; Type: TABLE; Schema: public; Owner: postgres
--

CREATE TABLE public.product_product_category (
    id bigint NOT NULL,
    product_id bigint NOT NULL,
    category_id bigint NOT NULL
);


ALTER TABLE public.product_product_category OWNER TO postgres;

--
-- TOC entry 244 (class 1259 OID 16813)
-- Name: product_product_category_id_seq; Type: SEQUENCE; Schema: public; Owner: postgres
--

ALTER TABLE public.product_product_category ALTER COLUMN id ADD GENERATED BY DEFAULT AS IDENTITY (
    SEQUENCE NAME public.product_product_category_id_seq
    START WITH 1
    INCREMENT BY 1
    NO MINVALUE
    NO MAXVALUE
    CACHE 1
);


--
-- TOC entry 236 (class 1259 OID 16756)
-- Name: product_product_id_seq; Type: SEQUENCE; Schema: public; Owner: postgres
--

ALTER TABLE public.product_product ALTER COLUMN id ADD GENERATED BY DEFAULT AS IDENTITY (
    SEQUENCE NAME public.product_product_id_seq
    START WITH 1
    INCREMENT BY 1
    NO MINVALUE
    NO MAXVALUE
    CACHE 1
);


--
-- TOC entry 243 (class 1259 OID 16793)
-- Name: product_product_sizes; Type: TABLE; Schema: public; Owner: postgres
--

CREATE TABLE public.product_product_sizes (
    id bigint NOT NULL,
    product_id bigint NOT NULL,
    size_id bigint NOT NULL
);


ALTER TABLE public.product_product_sizes OWNER TO postgres;

--
-- TOC entry 242 (class 1259 OID 16792)
-- Name: product_product_sizes_id_seq; Type: SEQUENCE; Schema: public; Owner: postgres
--

ALTER TABLE public.product_product_sizes ALTER COLUMN id ADD GENERATED BY DEFAULT AS IDENTITY (
    SEQUENCE NAME public.product_product_sizes_id_seq
    START WITH 1
    INCREMENT BY 1
    NO MINVALUE
    NO MAXVALUE
    CACHE 1
);


--
-- TOC entry 241 (class 1259 OID 16785)
-- Name: product_size; Type: TABLE; Schema: public; Owner: postgres
--

CREATE TABLE public.product_size (
    id bigint NOT NULL,
    name character varying(2) NOT NULL
);


ALTER TABLE public.product_size OWNER TO postgres;

--
-- TOC entry 240 (class 1259 OID 16784)
-- Name: product_size_id_seq; Type: SEQUENCE; Schema: public; Owner: postgres
--

ALTER TABLE public.product_size ALTER COLUMN id ADD GENERATED BY DEFAULT AS IDENTITY (
    SEQUENCE NAME public.product_size_id_seq
    START WITH 1
    INCREMENT BY 1
    NO MINVALUE
    NO MAXVALUE
    CACHE 1
);


--
-- TOC entry 239 (class 1259 OID 16765)
-- Name: product_stock; Type: TABLE; Schema: public; Owner: postgres
--

CREATE TABLE public.product_stock (
    id bigint NOT NULL,
    quantity integer NOT NULL,
    last_updated timestamp with time zone NOT NULL,
    product_id bigint NOT NULL,
    CONSTRAINT product_stock_quantity_check CHECK ((quantity >= 0))
);


ALTER TABLE public.product_stock OWNER TO postgres;

--
-- TOC entry 238 (class 1259 OID 16764)
-- Name: product_stock_id_seq; Type: SEQUENCE; Schema: public; Owner: postgres
--

ALTER TABLE public.product_stock ALTER COLUMN id ADD GENERATED BY DEFAULT AS IDENTITY (
    SEQUENCE NAME public.product_stock_id_seq
    START WITH 1
    INCREMENT BY 1
    NO MINVALUE
    NO MAXVALUE
    CACHE 1
);


--
-- TOC entry 248 (class 1259 OID 16843)
-- Name: user_user; Type: TABLE; Schema: public; Owner: postgres
--

CREATE TABLE public.user_user (
    id bigint NOT NULL,
    mobile_no character varying(12) NOT NULL,
    user_id integer NOT NULL
);


ALTER TABLE public.user_user OWNER TO postgres;

--
-- TOC entry 247 (class 1259 OID 16842)
-- Name: user_user_id_seq; Type: SEQUENCE; Schema: public; Owner: postgres
--

ALTER TABLE public.user_user ALTER COLUMN id ADD GENERATED BY DEFAULT AS IDENTITY (
    SEQUENCE NAME public.user_user_id_seq
    START WITH 1
    INCREMENT BY 1
    NO MINVALUE
    NO MAXVALUE
    CACHE 1
);


--
-- TOC entry 5023 (class 0 OID 16621)
-- Dependencies: 222
-- Data for Name: auth_group; Type: TABLE DATA; Schema: public; Owner: postgres
--



--
-- TOC entry 5025 (class 0 OID 16629)
-- Dependencies: 224
-- Data for Name: auth_group_permissions; Type: TABLE DATA; Schema: public; Owner: postgres
--



--
-- TOC entry 5021 (class 0 OID 16615)
-- Dependencies: 220
-- Data for Name: auth_permission; Type: TABLE DATA; Schema: public; Owner: postgres
--

INSERT INTO public.auth_permission (id, name, content_type_id, codename) VALUES (1, 'Can add log entry', 1, 'add_logentry');
INSERT INTO public.auth_permission (id, name, content_type_id, codename) VALUES (2, 'Can change log entry', 1, 'change_logentry');
INSERT INTO public.auth_permission (id, name, content_type_id, codename) VALUES (3, 'Can delete log entry', 1, 'delete_logentry');
INSERT INTO public.auth_permission (id, name, content_type_id, codename) VALUES (4, 'Can view log entry', 1, 'view_logentry');
INSERT INTO public.auth_permission (id, name, content_type_id, codename) VALUES (5, 'Can add permission', 2, 'add_permission');
INSERT INTO public.auth_permission (id, name, content_type_id, codename) VALUES (6, 'Can change permission', 2, 'change_permission');
INSERT INTO public.auth_permission (id, name, content_type_id, codename) VALUES (7, 'Can delete permission', 2, 'delete_permission');
INSERT INTO public.auth_permission (id, name, content_type_id, codename) VALUES (8, 'Can view permission', 2, 'view_permission');
INSERT INTO public.auth_permission (id, name, content_type_id, codename) VALUES (9, 'Can add group', 3, 'add_group');
INSERT INTO public.auth_permission (id, name, content_type_id, codename) VALUES (10, 'Can change group', 3, 'change_group');
INSERT INTO public.auth_permission (id, name, content_type_id, codename) VALUES (11, 'Can delete group', 3, 'delete_group');
INSERT INTO public.auth_permission (id, name, content_type_id, codename) VALUES (12, 'Can view group', 3, 'view_group');
INSERT INTO public.auth_permission (id, name, content_type_id, codename) VALUES (13, 'Can add user', 4, 'add_user');
INSERT INTO public.auth_permission (id, name, content_type_id, codename) VALUES (14, 'Can change user', 4, 'change_user');
INSERT INTO public.auth_permission (id, name, content_type_id, codename) VALUES (15, 'Can delete user', 4, 'delete_user');
INSERT INTO public.auth_permission (id, name, content_type_id, codename) VALUES (16, 'Can view user', 4, 'view_user');
INSERT INTO public.auth_permission (id, name, content_type_id, codename) VALUES (17, 'Can add content type', 5, 'add_contenttype');
INSERT INTO public.auth_permission (id, name, content_type_id, codename) VALUES (18, 'Can change content type', 5, 'change_contenttype');
INSERT INTO public.auth_permission (id, name, content_type_id, codename) VALUES (19, 'Can delete content type', 5, 'delete_contenttype');
INSERT INTO public.auth_permission (id, name, content_type_id, codename) VALUES (20, 'Can view content type', 5, 'view_contenttype');
INSERT INTO public.auth_permission (id, name, content_type_id, codename) VALUES (21, 'Can add session', 6, 'add_session');
INSERT INTO public.auth_permission (id, name, content_type_id, codename) VALUES (22, 'Can change session', 6, 'change_session');
INSERT INTO public.auth_permission (id, name, content_type_id, codename) VALUES (23, 'Can delete session', 6, 'delete_session');
INSERT INTO public.auth_permission (id, name, content_type_id, codename) VALUES (24, 'Can view session', 6, 'view_session');
INSERT INTO public.auth_permission (id, name, content_type_id, codename) VALUES (25, 'Can add Token', 7, 'add_token');
INSERT INTO public.auth_permission (id, name, content_type_id, codename) VALUES (26, 'Can change Token', 7, 'change_token');
INSERT INTO public.auth_permission (id, name, content_type_id, codename) VALUES (27, 'Can delete Token', 7, 'delete_token');
INSERT INTO public.auth_permission (id, name, content_type_id, codename) VALUES (28, 'Can view Token', 7, 'view_token');
INSERT INTO public.auth_permission (id, name, content_type_id, codename) VALUES (29, 'Can add token', 8, 'add_tokenproxy');
INSERT INTO public.auth_permission (id, name, content_type_id, codename) VALUES (30, 'Can change token', 8, 'change_tokenproxy');
INSERT INTO public.auth_permission (id, name, content_type_id, codename) VALUES (31, 'Can delete token', 8, 'delete_tokenproxy');
INSERT INTO public.auth_permission (id, name, content_type_id, codename) VALUES (32, 'Can view token', 8, 'view_tokenproxy');
INSERT INTO public.auth_permission (id, name, content_type_id, codename) VALUES (33, 'Can add category', 9, 'add_category');
INSERT INTO public.auth_permission (id, name, content_type_id, codename) VALUES (34, 'Can change category', 9, 'change_category');
INSERT INTO public.auth_permission (id, name, content_type_id, codename) VALUES (35, 'Can delete category', 9, 'delete_category');
INSERT INTO public.auth_permission (id, name, content_type_id, codename) VALUES (36, 'Can view category', 9, 'view_category');
INSERT INTO public.auth_permission (id, name, content_type_id, codename) VALUES (37, 'Can add user', 10, 'add_user');
INSERT INTO public.auth_permission (id, name, content_type_id, codename) VALUES (38, 'Can change user', 10, 'change_user');
INSERT INTO public.auth_permission (id, name, content_type_id, codename) VALUES (39, 'Can delete user', 10, 'delete_user');
INSERT INTO public.auth_permission (id, name, content_type_id, codename) VALUES (40, 'Can view user', 10, 'view_user');
INSERT INTO public.auth_permission (id, name, content_type_id, codename) VALUES (41, 'Can add product', 11, 'add_product');
INSERT INTO public.auth_permission (id, name, content_type_id, codename) VALUES (42, 'Can change product', 11, 'change_product');
INSERT INTO public.auth_permission (id, name, content_type_id, codename) VALUES (43, 'Can delete product', 11, 'delete_product');
INSERT INTO public.auth_permission (id, name, content_type_id, codename) VALUES (44, 'Can view product', 11, 'view_product');
INSERT INTO public.auth_permission (id, name, content_type_id, codename) VALUES (45, 'Can add stock', 12, 'add_stock');
INSERT INTO public.auth_permission (id, name, content_type_id, codename) VALUES (46, 'Can change stock', 12, 'change_stock');
INSERT INTO public.auth_permission (id, name, content_type_id, codename) VALUES (47, 'Can delete stock', 12, 'delete_stock');
INSERT INTO public.auth_permission (id, name, content_type_id, codename) VALUES (48, 'Can view stock', 12, 'view_stock');
INSERT INTO public.auth_permission (id, name, content_type_id, codename) VALUES (49, 'Can add size', 13, 'add_size');
INSERT INTO public.auth_permission (id, name, content_type_id, codename) VALUES (50, 'Can change size', 13, 'change_size');
INSERT INTO public.auth_permission (id, name, content_type_id, codename) VALUES (51, 'Can delete size', 13, 'delete_size');
INSERT INTO public.auth_permission (id, name, content_type_id, codename) VALUES (52, 'Can view size', 13, 'view_size');


--
-- TOC entry 5027 (class 0 OID 16635)
-- Dependencies: 226
-- Data for Name: auth_user; Type: TABLE DATA; Schema: public; Owner: postgres
--

INSERT INTO public.auth_user (id, password, last_login, is_superuser, username, first_name, last_name, email, is_staff, is_active, date_joined) VALUES (1, 'pbkdf2_sha256$720000$iR2rgHafKtPWX3VPm6p6qB$1bJX8+F2ozxJDUuXk8o0z6+Y78tnDiOOo1G+Ykp2Hm0=', '2024-10-30 19:54:13.422703+06', true, 'rahat', '', '', 'rahat@gmail.com', true, true, '2024-10-30 11:19:04.967808+06');


--
-- TOC entry 5029 (class 0 OID 16643)
-- Dependencies: 228
-- Data for Name: auth_user_groups; Type: TABLE DATA; Schema: public; Owner: postgres
--



--
-- TOC entry 5031 (class 0 OID 16649)
-- Dependencies: 230
-- Data for Name: auth_user_user_permissions; Type: TABLE DATA; Schema: public; Owner: postgres
--



--
-- TOC entry 5034 (class 0 OID 16735)
-- Dependencies: 233
-- Data for Name: authtoken_token; Type: TABLE DATA; Schema: public; Owner: postgres
--



--
-- TOC entry 5036 (class 0 OID 16749)
-- Dependencies: 235
-- Data for Name: category_category; Type: TABLE DATA; Schema: public; Owner: postgres
--

INSERT INTO public.category_category (id, name, slug) VALUES (1, 'Sarees', 'sarees');
INSERT INTO public.category_category (id, name, slug) VALUES (2, 'Babywear', 'babywear');
INSERT INTO public.category_category (id, name, slug) VALUES (3, 'Sherwanis', 'sherwanis');
INSERT INTO public.category_category (id, name, slug) VALUES (4, 'Formal Shoes', 'formal-shoes');
INSERT INTO public.category_category (id, name, slug) VALUES (5, 'Formal Wear', 'formal-wear');
INSERT INTO public.category_category (id, name, slug) VALUES (6, 'T-Shirts & Polos', 't-shirts-polos');
INSERT INTO public.category_category (id, name, slug) VALUES (7, 'Shirts', 'shirts');
INSERT INTO public.category_category (id, name, slug) VALUES (8, 'Hoodies & Sweatshirts', 'hoodies-sweatshirts');
INSERT INTO public.category_category (id, name, slug) VALUES (9, 'Belts', 'belts');
INSERT INTO public.category_category (id, name, slug) VALUES (10, 'Lehenga Cholis', 'lehenga-cholis');


--
-- TOC entry 5033 (class 0 OID 16707)
-- Dependencies: 232
-- Data for Name: django_admin_log; Type: TABLE DATA; Schema: public; Owner: postgres
--

INSERT INTO public.django_admin_log (id, action_time, object_id, object_repr, action_flag, change_message, content_type_id, user_id) VALUES (1, '2024-10-30 11:20:33.251118+06', '1', 'Small', 1, '[{"added": {}}]', 13, 1);
INSERT INTO public.django_admin_log (id, action_time, object_id, object_repr, action_flag, change_message, content_type_id, user_id) VALUES (2, '2024-10-30 11:20:35.759109+06', '2', 'Medium', 1, '[{"added": {}}]', 13, 1);
INSERT INTO public.django_admin_log (id, action_time, object_id, object_repr, action_flag, change_message, content_type_id, user_id) VALUES (3, '2024-10-30 11:20:38.420746+06', '3', 'Large', 1, '[{"added": {}}]', 13, 1);
INSERT INTO public.django_admin_log (id, action_time, object_id, object_repr, action_flag, change_message, content_type_id, user_id) VALUES (4, '2024-10-30 11:20:41.149656+06', '4', 'Extra Large', 1, '[{"added": {}}]', 13, 1);
INSERT INTO public.django_admin_log (id, action_time, object_id, object_repr, action_flag, change_message, content_type_id, user_id) VALUES (5, '2024-10-30 11:20:59.526533+06', '1', 'Sarees', 1, '[{"added": {}}]', 9, 1);
INSERT INTO public.django_admin_log (id, action_time, object_id, object_repr, action_flag, change_message, content_type_id, user_id) VALUES (6, '2024-10-30 11:21:04.640833+06', '2', 'Babywear', 1, '[{"added": {}}]', 9, 1);
INSERT INTO public.django_admin_log (id, action_time, object_id, object_repr, action_flag, change_message, content_type_id, user_id) VALUES (7, '2024-10-30 11:21:12.824935+06', '3', 'Sherwanis', 1, '[{"added": {}}]', 9, 1);
INSERT INTO public.django_admin_log (id, action_time, object_id, object_repr, action_flag, change_message, content_type_id, user_id) VALUES (8, '2024-10-30 11:21:18.531266+06', '4', 'Formal Shoes', 1, '[{"added": {}}]', 9, 1);
INSERT INTO public.django_admin_log (id, action_time, object_id, object_repr, action_flag, change_message, content_type_id, user_id) VALUES (9, '2024-10-30 11:21:22.573127+06', '5', 'Formal Wear', 1, '[{"added": {}}]', 9, 1);
INSERT INTO public.django_admin_log (id, action_time, object_id, object_repr, action_flag, change_message, content_type_id, user_id) VALUES (10, '2024-10-30 11:22:46.877762+06', '6', 'T-Shirts & Polos', 1, '[{"added": {}}]', 9, 1);
INSERT INTO public.django_admin_log (id, action_time, object_id, object_repr, action_flag, change_message, content_type_id, user_id) VALUES (11, '2024-10-30 11:22:54.805449+06', '7', 'Shirts', 1, '[{"added": {}}]', 9, 1);
INSERT INTO public.django_admin_log (id, action_time, object_id, object_repr, action_flag, change_message, content_type_id, user_id) VALUES (12, '2024-10-30 11:23:17.711596+06', '8', 'Hoodies & Sweatshirts', 1, '[{"added": {}}]', 9, 1);
INSERT INTO public.django_admin_log (id, action_time, object_id, object_repr, action_flag, change_message, content_type_id, user_id) VALUES (13, '2024-10-30 11:23:26.388354+06', '9', 'Belts', 1, '[{"added": {}}]', 9, 1);
INSERT INTO public.django_admin_log (id, action_time, object_id, object_repr, action_flag, change_message, content_type_id, user_id) VALUES (14, '2024-10-30 11:23:41.961309+06', '10', 'Lehenga Cholis', 1, '[{"added": {}}]', 9, 1);
INSERT INTO public.django_admin_log (id, action_time, object_id, object_repr, action_flag, change_message, content_type_id, user_id) VALUES (15, '2024-10-30 11:29:46.181066+06', '1', 'Azure Elegance', 1, '[{"added": {}}]', 11, 1);
INSERT INTO public.django_admin_log (id, action_time, object_id, object_repr, action_flag, change_message, content_type_id, user_id) VALUES (16, '2024-10-30 11:30:29.806518+06', '2', 'T-Shirt', 1, '[{"added": {}}]', 11, 1);
INSERT INTO public.django_admin_log (id, action_time, object_id, object_repr, action_flag, change_message, content_type_id, user_id) VALUES (17, '2024-10-30 11:30:56.038412+06', '3', 'Polo', 1, '[{"added": {}}]', 11, 1);
INSERT INTO public.django_admin_log (id, action_time, object_id, object_repr, action_flag, change_message, content_type_id, user_id) VALUES (18, '2024-10-30 11:31:36.185113+06', '4', 'Formal Shoes', 1, '[{"added": {}}]', 11, 1);
INSERT INTO public.django_admin_log (id, action_time, object_id, object_repr, action_flag, change_message, content_type_id, user_id) VALUES (19, '2024-10-30 11:32:11.370542+06', '5', 'Babywear', 1, '[{"added": {}}]', 11, 1);
INSERT INTO public.django_admin_log (id, action_time, object_id, object_repr, action_flag, change_message, content_type_id, user_id) VALUES (20, '2024-10-30 19:56:45.397606+06', '6', 'Formal Shirts', 1, '[{"added": {}}]', 11, 1);
INSERT INTO public.django_admin_log (id, action_time, object_id, object_repr, action_flag, change_message, content_type_id, user_id) VALUES (21, '2024-10-30 19:58:01.283561+06', '7', 'Normal Shirts', 1, '[{"added": {}}]', 11, 1);
INSERT INTO public.django_admin_log (id, action_time, object_id, object_repr, action_flag, change_message, content_type_id, user_id) VALUES (22, '2024-10-30 20:15:51.429706+06', '8', 'Hoodie', 1, '[{"added": {}}]', 11, 1);
INSERT INTO public.django_admin_log (id, action_time, object_id, object_repr, action_flag, change_message, content_type_id, user_id) VALUES (23, '2024-10-30 20:17:09.084888+06', '9', 'Sweatshirts', 1, '[{"added": {}}]', 11, 1);


--
-- TOC entry 5019 (class 0 OID 16607)
-- Dependencies: 218
-- Data for Name: django_content_type; Type: TABLE DATA; Schema: public; Owner: postgres
--

INSERT INTO public.django_content_type (id, app_label, model) VALUES (1, 'admin', 'logentry');
INSERT INTO public.django_content_type (id, app_label, model) VALUES (2, 'auth', 'permission');
INSERT INTO public.django_content_type (id, app_label, model) VALUES (3, 'auth', 'group');
INSERT INTO public.django_content_type (id, app_label, model) VALUES (4, 'auth', 'user');
INSERT INTO public.django_content_type (id, app_label, model) VALUES (5, 'contenttypes', 'contenttype');
INSERT INTO public.django_content_type (id, app_label, model) VALUES (6, 'sessions', 'session');
INSERT INTO public.django_content_type (id, app_label, model) VALUES (7, 'authtoken', 'token');
INSERT INTO public.django_content_type (id, app_label, model) VALUES (8, 'authtoken', 'tokenproxy');
INSERT INTO public.django_content_type (id, app_label, model) VALUES (9, 'category', 'category');
INSERT INTO public.django_content_type (id, app_label, model) VALUES (10, 'user', 'user');
INSERT INTO public.django_content_type (id, app_label, model) VALUES (11, 'product', 'product');
INSERT INTO public.django_content_type (id, app_label, model) VALUES (12, 'product', 'stock');
INSERT INTO public.django_content_type (id, app_label, model) VALUES (13, 'product', 'size');


--
-- TOC entry 5017 (class 0 OID 16599)
-- Dependencies: 216
-- Data for Name: django_migrations; Type: TABLE DATA; Schema: public; Owner: postgres
--

INSERT INTO public.django_migrations (id, app, name, applied) VALUES (1, 'contenttypes', '0001_initial', '2024-10-30 11:10:11.891166+06');
INSERT INTO public.django_migrations (id, app, name, applied) VALUES (2, 'auth', '0001_initial', '2024-10-30 11:10:12.646858+06');
INSERT INTO public.django_migrations (id, app, name, applied) VALUES (3, 'admin', '0001_initial', '2024-10-30 11:10:12.794073+06');
INSERT INTO public.django_migrations (id, app, name, applied) VALUES (4, 'admin', '0002_logentry_remove_auto_add', '2024-10-30 11:10:12.815063+06');
INSERT INTO public.django_migrations (id, app, name, applied) VALUES (5, 'admin', '0003_logentry_add_action_flag_choices', '2024-10-30 11:10:12.827094+06');
INSERT INTO public.django_migrations (id, app, name, applied) VALUES (6, 'contenttypes', '0002_remove_content_type_name', '2024-10-30 11:10:12.866547+06');
INSERT INTO public.django_migrations (id, app, name, applied) VALUES (7, 'auth', '0002_alter_permission_name_max_length', '2024-10-30 11:10:12.904902+06');
INSERT INTO public.django_migrations (id, app, name, applied) VALUES (8, 'auth', '0003_alter_user_email_max_length', '2024-10-30 11:10:12.919269+06');
INSERT INTO public.django_migrations (id, app, name, applied) VALUES (9, 'auth', '0004_alter_user_username_opts', '2024-10-30 11:10:12.929299+06');
INSERT INTO public.django_migrations (id, app, name, applied) VALUES (10, 'auth', '0005_alter_user_last_login_null', '2024-10-30 11:10:12.941305+06');
INSERT INTO public.django_migrations (id, app, name, applied) VALUES (11, 'auth', '0006_require_contenttypes_0002', '2024-10-30 11:10:12.943845+06');
INSERT INTO public.django_migrations (id, app, name, applied) VALUES (12, 'auth', '0007_alter_validators_add_error_messages', '2024-10-30 11:10:12.954911+06');
INSERT INTO public.django_migrations (id, app, name, applied) VALUES (13, 'auth', '0008_alter_user_username_max_length', '2024-10-30 11:10:12.987926+06');
INSERT INTO public.django_migrations (id, app, name, applied) VALUES (14, 'auth', '0009_alter_user_last_name_max_length', '2024-10-30 11:10:13.000319+06');
INSERT INTO public.django_migrations (id, app, name, applied) VALUES (15, 'auth', '0010_alter_group_name_max_length', '2024-10-30 11:10:13.011928+06');
INSERT INTO public.django_migrations (id, app, name, applied) VALUES (16, 'auth', '0011_update_proxy_permissions', '2024-10-30 11:10:13.023221+06');
INSERT INTO public.django_migrations (id, app, name, applied) VALUES (17, 'auth', '0012_alter_user_first_name_max_length', '2024-10-30 11:10:13.032473+06');
INSERT INTO public.django_migrations (id, app, name, applied) VALUES (18, 'authtoken', '0001_initial', '2024-10-30 11:10:13.121909+06');
INSERT INTO public.django_migrations (id, app, name, applied) VALUES (19, 'authtoken', '0002_auto_20160226_1747', '2024-10-30 11:10:13.172926+06');
INSERT INTO public.django_migrations (id, app, name, applied) VALUES (20, 'authtoken', '0003_tokenproxy', '2024-10-30 11:10:13.176895+06');
INSERT INTO public.django_migrations (id, app, name, applied) VALUES (21, 'category', '0001_initial', '2024-10-30 11:10:13.253715+06');
INSERT INTO public.django_migrations (id, app, name, applied) VALUES (22, 'product', '0001_initial', '2024-10-30 11:10:13.425081+06');
INSERT INTO public.django_migrations (id, app, name, applied) VALUES (23, 'product', '0002_size_remove_product_size_alter_product_image_and_more', '2024-10-30 11:10:13.646297+06');
INSERT INTO public.django_migrations (id, app, name, applied) VALUES (24, 'product', '0003_remove_product_category_product_category', '2024-10-30 11:10:13.826234+06');
INSERT INTO public.django_migrations (id, app, name, applied) VALUES (25, 'sessions', '0001_initial', '2024-10-30 11:10:13.949484+06');
INSERT INTO public.django_migrations (id, app, name, applied) VALUES (26, 'user', '0001_initial', '2024-10-30 11:10:14.030115+06');


--
-- TOC entry 5047 (class 0 OID 16833)
-- Dependencies: 246
-- Data for Name: django_session; Type: TABLE DATA; Schema: public; Owner: postgres
--

INSERT INTO public.django_session (session_key, session_data, expire_date) VALUES ('90krhwq6vqjvwgqlyvfez4iymuq8n7n0', '.eJxVjMsOwiAQRf-FtSGADA-X7vsNZMowUjU0Ke3K-O_apAvd3nPOfYmE21rT1suSJhIXocXpdxsxP0rbAd2x3WaZ57Yu0yh3RR60y2Gm8rwe7t9BxV6_NWfwikwumNFqFZyz4ByoUFR00aIDZtaawBJH73OIqCEoYGMwKD6L9wfZKjdT:1t67jI:nr482srad02CvvzO0PJSKS719hEjEF6A2fmNBmrPjCU', '2024-11-13 18:23:16.482695+06');
INSERT INTO public.django_session (session_key, session_data, expire_date) VALUES ('sujr3i9p2hz09zhdm0a9k0mcpc97q2lu', '.eJxVjMsOwiAQRf-FtSGADA-X7vsNZMowUjU0Ke3K-O_apAvd3nPOfYmE21rT1suSJhIXocXpdxsxP0rbAd2x3WaZ57Yu0yh3RR60y2Gm8rwe7t9BxV6_NWfwikwumNFqFZyz4ByoUFR00aIDZtaawBJH73OIqCEoYGMwKD6L9wfZKjdT:1t67l0:3Ity69w3PcWRYStC8F79nxPu-A5T5BK98Y7STooqyew', '2024-11-13 18:25:02.813704+06');
INSERT INTO public.django_session (session_key, session_data, expire_date) VALUES ('jppvs8vwats65n6qyomkti94gxr7wh2q', '.eJxVjMsOwiAQRf-FtSGADA-X7vsNZMowUjU0Ke3K-O_apAvd3nPOfYmE21rT1suSJhIXocXpdxsxP0rbAd2x3WaZ57Yu0yh3RR60y2Gm8rwe7t9BxV6_NWfwikwumNFqFZyz4ByoUFR00aIDZtaawBJH73OIqCEoYGMwKD6L9wfZKjdT:1t699J:sFrcQFqIoC7FZEDQGlqFNlqIkNJS5wnstM8-n-xcbng', '2024-11-13 19:54:13.457122+06');


--
-- TOC entry 5038 (class 0 OID 16757)
-- Dependencies: 237
-- Data for Name: product_product; Type: TABLE DATA; Schema: public; Owner: postgres
--

INSERT INTO public.product_product (id, name, description, price, image) VALUES (1, 'Azure Elegance', 'This elegant blue saree exudes timeless charm, featuring a rich, deep hue that’s perfect for any occasion. Crafted from lightweight, flowy fabric, it drapes beautifully, enhancing your silhouette. Delicate gold or silver embroidery adorns the borders, adding a touch of sophistication. Ideal for festive events, weddings, or evening gatherings, this saree combines traditional grace with modern allure.', 1000.00, 'products/media/upload/Saree_1_wLF7c4C.jpg');
INSERT INTO public.product_product (id, name, description, price, image) VALUES (2, 'T-Shirt', 'This classic black T-shirt is a wardrobe essential, designed with a soft, breathable cotton fabric for ultimate comfort. It features a relaxed fit with a timeless crew neckline, making it versatile for both casual and semi-formal looks. The deep black color is fade-resistant, ensuring it retains its rich shade after multiple washes. Perfect for layering or wearing on its own, this T-shirt effortlessly complements any style.', 350.00, 'products/media/upload/t-shirt_1_9tTkCZO.jpg');
INSERT INTO public.product_product (id, name, description, price, image) VALUES (3, 'Polo', 'This sleek black polo shirt combines casual style with a polished edge, crafted from high-quality, breathable cotton for all-day comfort. It features a classic ribbed collar and a two-button placket, offering a versatile look that’s perfect for both work and leisure. The tailored fit enhances your silhouette while allowing easy movement, and the durable fabric maintains its shape and rich color after every wash. Ideal for pairing with jeans or chinos, this polo shirt is a timeless addition to any wardrobe.', 450.00, 'products/media/upload/polo_1_O8SqfE6.jpg');
INSERT INTO public.product_product (id, name, description, price, image) VALUES (4, 'Formal Shoes', 'These coffee-colored formal shoes are the epitome of refined style, crafted from premium leather with a rich, warm finish that adds a touch of sophistication to any outfit. Designed with a sleek, polished exterior and a comfortable cushioned insole, they provide both elegance and comfort. The sturdy sole and classic lace-up design make them ideal for long days at the office or special occasions. Perfectly versatile, these shoes effortlessly pair with both formal suits and smart casual attire.', 1300.00, 'products/media/upload/shoes_1_VnHNfZl.jpg');
INSERT INTO public.product_product (id, name, description, price, image) VALUES (5, 'Babywear', 'This adorable babywear collection features soft, breathable fabrics that ensure comfort for your little one throughout the day. Each piece is designed with gentle, skin-friendly materials to prevent irritation, making it perfect for sensitive skin. The vibrant colors and playful patterns bring joy to every outfit, while practical features like snap buttons and stretchy waistbands make dressing and diaper changes a breeze. From cozy onesies to cute dresses, this babywear is both stylish and functional, ideal for everyday wear or special occasions.', 850.00, 'products/media/upload/babywear_1_vSw8i9h.jpg');
INSERT INTO public.product_product (id, name, description, price, image) VALUES (6, 'Formal Shirts', 'These classic formal shirts are crafted from premium, wrinkle-resistant fabric, designed to keep you looking sharp all day. Featuring a tailored fit with a crisp collar and buttoned cuffs, they offer a polished silhouette that’s perfect for business meetings, events, or evening outings. The breathable material provides comfort in any season, while the subtle sheen adds a touch of sophistication. Available in a range of versatile colors and patterns, these shirts pair effortlessly with both suits and smart trousers, making them a staple in any professional wardrobe.', 800.00, 'products/media/upload/shirts1.jpg');
INSERT INTO public.product_product (id, name, description, price, image) VALUES (7, 'Normal Shirts', 'These everyday shirts are made from soft, breathable fabric that ensures comfort and durability for regular wear. Designed with a relaxed fit, they feature a classic button-down front and a versatile collar, making them easy to style for both casual and semi-formal looks. Available in a variety of colors and patterns, these shirts are perfect for layering or wearing on their own. With their easy-care material and timeless design, these shirts are a reliable go-to for any occasion, from casual outings to weekend gatherings.', 800.00, '');
INSERT INTO public.product_product (id, name, description, price, image) VALUES (8, 'Hoodie', 'This cozy hoodie combines style and comfort, crafted from a soft, plush fabric that keeps you warm in cooler weather. It features an adjustable drawstring hood, a spacious kangaroo pocket, and ribbed cuffs for a snug fit. The relaxed design offers easy layering over T-shirts or under jackets, making it versatile for both casual outings and lounging at home. Available in a variety of colors, this hoodie is the perfect blend of functionality and laid-back style, ideal for any season.', 1200.00, 'products/media/upload/hoodie_1.jpg');
INSERT INTO public.product_product (id, name, description, price, image) VALUES (9, 'Sweatshirts', 'This stylish sweatshirt is designed for ultimate comfort and casual flair, crafted from a soft, lightweight fabric that provides warmth without bulk. Featuring a classic crew neckline and ribbed cuffs and hem, it offers a relaxed fit that’s perfect for layering. The minimalist design allows for easy pairing with jeans, joggers, or shorts, making it a versatile addition to any wardrobe. Available in a range of colors, this sweatshirt is perfect for lounging at home, running errands, or enjoying outdoor activities in cooler weather.', 1200.00, 'products/media/upload/sweatshirts.jpg');


--
-- TOC entry 5046 (class 0 OID 16814)
-- Dependencies: 245
-- Data for Name: product_product_category; Type: TABLE DATA; Schema: public; Owner: postgres
--

INSERT INTO public.product_product_category (id, product_id, category_id) VALUES (1, 1, 1);
INSERT INTO public.product_product_category (id, product_id, category_id) VALUES (2, 2, 6);
INSERT INTO public.product_product_category (id, product_id, category_id) VALUES (3, 3, 6);
INSERT INTO public.product_product_category (id, product_id, category_id) VALUES (4, 4, 4);
INSERT INTO public.product_product_category (id, product_id, category_id) VALUES (5, 5, 2);
INSERT INTO public.product_product_category (id, product_id, category_id) VALUES (6, 6, 5);
INSERT INTO public.product_product_category (id, product_id, category_id) VALUES (7, 6, 7);
INSERT INTO public.product_product_category (id, product_id, category_id) VALUES (8, 7, 7);
INSERT INTO public.product_product_category (id, product_id, category_id) VALUES (9, 8, 8);
INSERT INTO public.product_product_category (id, product_id, category_id) VALUES (10, 9, 8);


--
-- TOC entry 5044 (class 0 OID 16793)
-- Dependencies: 243
-- Data for Name: product_product_sizes; Type: TABLE DATA; Schema: public; Owner: postgres
--

INSERT INTO public.product_product_sizes (id, product_id, size_id) VALUES (1, 1, 1);
INSERT INTO public.product_product_sizes (id, product_id, size_id) VALUES (2, 1, 2);
INSERT INTO public.product_product_sizes (id, product_id, size_id) VALUES (3, 1, 3);
INSERT INTO public.product_product_sizes (id, product_id, size_id) VALUES (4, 2, 1);
INSERT INTO public.product_product_sizes (id, product_id, size_id) VALUES (5, 2, 2);
INSERT INTO public.product_product_sizes (id, product_id, size_id) VALUES (6, 2, 3);
INSERT INTO public.product_product_sizes (id, product_id, size_id) VALUES (7, 2, 4);
INSERT INTO public.product_product_sizes (id, product_id, size_id) VALUES (8, 3, 1);
INSERT INTO public.product_product_sizes (id, product_id, size_id) VALUES (9, 3, 2);
INSERT INTO public.product_product_sizes (id, product_id, size_id) VALUES (10, 3, 3);
INSERT INTO public.product_product_sizes (id, product_id, size_id) VALUES (11, 3, 4);
INSERT INTO public.product_product_sizes (id, product_id, size_id) VALUES (12, 4, 1);
INSERT INTO public.product_product_sizes (id, product_id, size_id) VALUES (13, 4, 2);
INSERT INTO public.product_product_sizes (id, product_id, size_id) VALUES (14, 4, 3);
INSERT INTO public.product_product_sizes (id, product_id, size_id) VALUES (15, 5, 1);
INSERT INTO public.product_product_sizes (id, product_id, size_id) VALUES (16, 5, 2);
INSERT INTO public.product_product_sizes (id, product_id, size_id) VALUES (17, 6, 1);
INSERT INTO public.product_product_sizes (id, product_id, size_id) VALUES (18, 6, 3);
INSERT INTO public.product_product_sizes (id, product_id, size_id) VALUES (19, 7, 2);
INSERT INTO public.product_product_sizes (id, product_id, size_id) VALUES (20, 7, 3);
INSERT INTO public.product_product_sizes (id, product_id, size_id) VALUES (21, 8, 1);
INSERT INTO public.product_product_sizes (id, product_id, size_id) VALUES (22, 8, 2);
INSERT INTO public.product_product_sizes (id, product_id, size_id) VALUES (23, 8, 3);
INSERT INTO public.product_product_sizes (id, product_id, size_id) VALUES (24, 9, 1);
INSERT INTO public.product_product_sizes (id, product_id, size_id) VALUES (25, 9, 2);
INSERT INTO public.product_product_sizes (id, product_id, size_id) VALUES (26, 9, 3);


--
-- TOC entry 5042 (class 0 OID 16785)
-- Dependencies: 241
-- Data for Name: product_size; Type: TABLE DATA; Schema: public; Owner: postgres
--

INSERT INTO public.product_size (id, name) VALUES (1, 'S');
INSERT INTO public.product_size (id, name) VALUES (2, 'M');
INSERT INTO public.product_size (id, name) VALUES (3, 'L');
INSERT INTO public.product_size (id, name) VALUES (4, 'XL');


--
-- TOC entry 5040 (class 0 OID 16765)
-- Dependencies: 239
-- Data for Name: product_stock; Type: TABLE DATA; Schema: public; Owner: postgres
--



--
-- TOC entry 5049 (class 0 OID 16843)
-- Dependencies: 248
-- Data for Name: user_user; Type: TABLE DATA; Schema: public; Owner: postgres
--



--
-- TOC entry 5055 (class 0 OID 0)
-- Dependencies: 221
-- Name: auth_group_id_seq; Type: SEQUENCE SET; Schema: public; Owner: postgres
--

SELECT pg_catalog.setval('public.auth_group_id_seq', 1, false);


--
-- TOC entry 5056 (class 0 OID 0)
-- Dependencies: 223
-- Name: auth_group_permissions_id_seq; Type: SEQUENCE SET; Schema: public; Owner: postgres
--

SELECT pg_catalog.setval('public.auth_group_permissions_id_seq', 1, false);


--
-- TOC entry 5057 (class 0 OID 0)
-- Dependencies: 219
-- Name: auth_permission_id_seq; Type: SEQUENCE SET; Schema: public; Owner: postgres
--

SELECT pg_catalog.setval('public.auth_permission_id_seq', 52, true);


--
-- TOC entry 5058 (class 0 OID 0)
-- Dependencies: 227
-- Name: auth_user_groups_id_seq; Type: SEQUENCE SET; Schema: public; Owner: postgres
--

SELECT pg_catalog.setval('public.auth_user_groups_id_seq', 1, false);


--
-- TOC entry 5059 (class 0 OID 0)
-- Dependencies: 225
-- Name: auth_user_id_seq; Type: SEQUENCE SET; Schema: public; Owner: postgres
--

SELECT pg_catalog.setval('public.auth_user_id_seq', 1, true);


--
-- TOC entry 5060 (class 0 OID 0)
-- Dependencies: 229
-- Name: auth_user_user_permissions_id_seq; Type: SEQUENCE SET; Schema: public; Owner: postgres
--

SELECT pg_catalog.setval('public.auth_user_user_permissions_id_seq', 1, false);


--
-- TOC entry 5061 (class 0 OID 0)
-- Dependencies: 234
-- Name: category_category_id_seq; Type: SEQUENCE SET; Schema: public; Owner: postgres
--

SELECT pg_catalog.setval('public.category_category_id_seq', 10, true);


--
-- TOC entry 5062 (class 0 OID 0)
-- Dependencies: 231
-- Name: django_admin_log_id_seq; Type: SEQUENCE SET; Schema: public; Owner: postgres
--

SELECT pg_catalog.setval('public.django_admin_log_id_seq', 23, true);


--
-- TOC entry 5063 (class 0 OID 0)
-- Dependencies: 217
-- Name: django_content_type_id_seq; Type: SEQUENCE SET; Schema: public; Owner: postgres
--

SELECT pg_catalog.setval('public.django_content_type_id_seq', 13, true);


--
-- TOC entry 5064 (class 0 OID 0)
-- Dependencies: 215
-- Name: django_migrations_id_seq; Type: SEQUENCE SET; Schema: public; Owner: postgres
--

SELECT pg_catalog.setval('public.django_migrations_id_seq', 26, true);


--
-- TOC entry 5065 (class 0 OID 0)
-- Dependencies: 244
-- Name: product_product_category_id_seq; Type: SEQUENCE SET; Schema: public; Owner: postgres
--

SELECT pg_catalog.setval('public.product_product_category_id_seq', 10, true);


--
-- TOC entry 5066 (class 0 OID 0)
-- Dependencies: 236
-- Name: product_product_id_seq; Type: SEQUENCE SET; Schema: public; Owner: postgres
--

SELECT pg_catalog.setval('public.product_product_id_seq', 9, true);


--
-- TOC entry 5067 (class 0 OID 0)
-- Dependencies: 242
-- Name: product_product_sizes_id_seq; Type: SEQUENCE SET; Schema: public; Owner: postgres
--

SELECT pg_catalog.setval('public.product_product_sizes_id_seq', 26, true);


--
-- TOC entry 5068 (class 0 OID 0)
-- Dependencies: 240
-- Name: product_size_id_seq; Type: SEQUENCE SET; Schema: public; Owner: postgres
--

SELECT pg_catalog.setval('public.product_size_id_seq', 4, true);


--
-- TOC entry 5069 (class 0 OID 0)
-- Dependencies: 238
-- Name: product_stock_id_seq; Type: SEQUENCE SET; Schema: public; Owner: postgres
--

SELECT pg_catalog.setval('public.product_stock_id_seq', 1, false);


--
-- TOC entry 5070 (class 0 OID 0)
-- Dependencies: 247
-- Name: user_user_id_seq; Type: SEQUENCE SET; Schema: public; Owner: postgres
--

SELECT pg_catalog.setval('public.user_user_id_seq', 1, false);


--
-- TOC entry 4787 (class 2606 OID 16733)
-- Name: auth_group auth_group_name_key; Type: CONSTRAINT; Schema: public; Owner: postgres
--

ALTER TABLE ONLY public.auth_group
    ADD CONSTRAINT auth_group_name_key UNIQUE (name);


--
-- TOC entry 4792 (class 2606 OID 16664)
-- Name: auth_group_permissions auth_group_permissions_group_id_permission_id_0cd325b0_uniq; Type: CONSTRAINT; Schema: public; Owner: postgres
--

ALTER TABLE ONLY public.auth_group_permissions
    ADD CONSTRAINT auth_group_permissions_group_id_permission_id_0cd325b0_uniq UNIQUE (group_id, permission_id);


--
-- TOC entry 4795 (class 2606 OID 16633)
-- Name: auth_group_permissions auth_group_permissions_pkey; Type: CONSTRAINT; Schema: public; Owner: postgres
--

ALTER TABLE ONLY public.auth_group_permissions
    ADD CONSTRAINT auth_group_permissions_pkey PRIMARY KEY (id);


--
-- TOC entry 4789 (class 2606 OID 16625)
-- Name: auth_group auth_group_pkey; Type: CONSTRAINT; Schema: public; Owner: postgres
--

ALTER TABLE ONLY public.auth_group
    ADD CONSTRAINT auth_group_pkey PRIMARY KEY (id);


--
-- TOC entry 4782 (class 2606 OID 16655)
-- Name: auth_permission auth_permission_content_type_id_codename_01ab375a_uniq; Type: CONSTRAINT; Schema: public; Owner: postgres
--

ALTER TABLE ONLY public.auth_permission
    ADD CONSTRAINT auth_permission_content_type_id_codename_01ab375a_uniq UNIQUE (content_type_id, codename);


--
-- TOC entry 4784 (class 2606 OID 16619)
-- Name: auth_permission auth_permission_pkey; Type: CONSTRAINT; Schema: public; Owner: postgres
--

ALTER TABLE ONLY public.auth_permission
    ADD CONSTRAINT auth_permission_pkey PRIMARY KEY (id);


--
-- TOC entry 4803 (class 2606 OID 16647)
-- Name: auth_user_groups auth_user_groups_pkey; Type: CONSTRAINT; Schema: public; Owner: postgres
--

ALTER TABLE ONLY public.auth_user_groups
    ADD CONSTRAINT auth_user_groups_pkey PRIMARY KEY (id);


--
-- TOC entry 4806 (class 2606 OID 16679)
-- Name: auth_user_groups auth_user_groups_user_id_group_id_94350c0c_uniq; Type: CONSTRAINT; Schema: public; Owner: postgres
--

ALTER TABLE ONLY public.auth_user_groups
    ADD CONSTRAINT auth_user_groups_user_id_group_id_94350c0c_uniq UNIQUE (user_id, group_id);


--
-- TOC entry 4797 (class 2606 OID 16639)
-- Name: auth_user auth_user_pkey; Type: CONSTRAINT; Schema: public; Owner: postgres
--

ALTER TABLE ONLY public.auth_user
    ADD CONSTRAINT auth_user_pkey PRIMARY KEY (id);


--
-- TOC entry 4809 (class 2606 OID 16653)
-- Name: auth_user_user_permissions auth_user_user_permissions_pkey; Type: CONSTRAINT; Schema: public; Owner: postgres
--

ALTER TABLE ONLY public.auth_user_user_permissions
    ADD CONSTRAINT auth_user_user_permissions_pkey PRIMARY KEY (id);


--
-- TOC entry 4812 (class 2606 OID 16693)
-- Name: auth_user_user_permissions auth_user_user_permissions_user_id_permission_id_14a6b632_uniq; Type: CONSTRAINT; Schema: public; Owner: postgres
--

ALTER TABLE ONLY public.auth_user_user_permissions
    ADD CONSTRAINT auth_user_user_permissions_user_id_permission_id_14a6b632_uniq UNIQUE (user_id, permission_id);


--
-- TOC entry 4800 (class 2606 OID 16728)
-- Name: auth_user auth_user_username_key; Type: CONSTRAINT; Schema: public; Owner: postgres
--

ALTER TABLE ONLY public.auth_user
    ADD CONSTRAINT auth_user_username_key UNIQUE (username);


--
-- TOC entry 4819 (class 2606 OID 16739)
-- Name: authtoken_token authtoken_token_pkey; Type: CONSTRAINT; Schema: public; Owner: postgres
--

ALTER TABLE ONLY public.authtoken_token
    ADD CONSTRAINT authtoken_token_pkey PRIMARY KEY (key);


--
-- TOC entry 4821 (class 2606 OID 16741)
-- Name: authtoken_token authtoken_token_user_id_key; Type: CONSTRAINT; Schema: public; Owner: postgres
--

ALTER TABLE ONLY public.authtoken_token
    ADD CONSTRAINT authtoken_token_user_id_key UNIQUE (user_id);


--
-- TOC entry 4823 (class 2606 OID 16753)
-- Name: category_category category_category_pkey; Type: CONSTRAINT; Schema: public; Owner: postgres
--

ALTER TABLE ONLY public.category_category
    ADD CONSTRAINT category_category_pkey PRIMARY KEY (id);


--
-- TOC entry 4815 (class 2606 OID 16714)
-- Name: django_admin_log django_admin_log_pkey; Type: CONSTRAINT; Schema: public; Owner: postgres
--

ALTER TABLE ONLY public.django_admin_log
    ADD CONSTRAINT django_admin_log_pkey PRIMARY KEY (id);


--
-- TOC entry 4777 (class 2606 OID 16613)
-- Name: django_content_type django_content_type_app_label_model_76bd3d3b_uniq; Type: CONSTRAINT; Schema: public; Owner: postgres
--

ALTER TABLE ONLY public.django_content_type
    ADD CONSTRAINT django_content_type_app_label_model_76bd3d3b_uniq UNIQUE (app_label, model);


--
-- TOC entry 4779 (class 2606 OID 16611)
-- Name: django_content_type django_content_type_pkey; Type: CONSTRAINT; Schema: public; Owner: postgres
--

ALTER TABLE ONLY public.django_content_type
    ADD CONSTRAINT django_content_type_pkey PRIMARY KEY (id);


--
-- TOC entry 4775 (class 2606 OID 16605)
-- Name: django_migrations django_migrations_pkey; Type: CONSTRAINT; Schema: public; Owner: postgres
--

ALTER TABLE ONLY public.django_migrations
    ADD CONSTRAINT django_migrations_pkey PRIMARY KEY (id);


--
-- TOC entry 4851 (class 2606 OID 16839)
-- Name: django_session django_session_pkey; Type: CONSTRAINT; Schema: public; Owner: postgres
--

ALTER TABLE ONLY public.django_session
    ADD CONSTRAINT django_session_pkey PRIMARY KEY (session_key);


--
-- TOC entry 4845 (class 2606 OID 16818)
-- Name: product_product_category product_product_category_pkey; Type: CONSTRAINT; Schema: public; Owner: postgres
--

ALTER TABLE ONLY public.product_product_category
    ADD CONSTRAINT product_product_category_pkey PRIMARY KEY (id);


--
-- TOC entry 4847 (class 2606 OID 16820)
-- Name: product_product_category product_product_category_product_id_category_id_5e811dc1_uniq; Type: CONSTRAINT; Schema: public; Owner: postgres
--

ALTER TABLE ONLY public.product_product_category
    ADD CONSTRAINT product_product_category_product_id_category_id_5e811dc1_uniq UNIQUE (product_id, category_id);


--
-- TOC entry 4827 (class 2606 OID 16763)
-- Name: product_product product_product_pkey; Type: CONSTRAINT; Schema: public; Owner: postgres
--

ALTER TABLE ONLY public.product_product
    ADD CONSTRAINT product_product_pkey PRIMARY KEY (id);


--
-- TOC entry 4838 (class 2606 OID 16797)
-- Name: product_product_sizes product_product_sizes_pkey; Type: CONSTRAINT; Schema: public; Owner: postgres
--

ALTER TABLE ONLY public.product_product_sizes
    ADD CONSTRAINT product_product_sizes_pkey PRIMARY KEY (id);


--
-- TOC entry 4841 (class 2606 OID 16800)
-- Name: product_product_sizes product_product_sizes_product_id_size_id_6b6ba0f1_uniq; Type: CONSTRAINT; Schema: public; Owner: postgres
--

ALTER TABLE ONLY public.product_product_sizes
    ADD CONSTRAINT product_product_sizes_product_id_size_id_6b6ba0f1_uniq UNIQUE (product_id, size_id);


--
-- TOC entry 4834 (class 2606 OID 16791)
-- Name: product_size product_size_name_key; Type: CONSTRAINT; Schema: public; Owner: postgres
--

ALTER TABLE ONLY public.product_size
    ADD CONSTRAINT product_size_name_key UNIQUE (name);


--
-- TOC entry 4836 (class 2606 OID 16789)
-- Name: product_size product_size_pkey; Type: CONSTRAINT; Schema: public; Owner: postgres
--

ALTER TABLE ONLY public.product_size
    ADD CONSTRAINT product_size_pkey PRIMARY KEY (id);


--
-- TOC entry 4829 (class 2606 OID 16770)
-- Name: product_stock product_stock_pkey; Type: CONSTRAINT; Schema: public; Owner: postgres
--

ALTER TABLE ONLY public.product_stock
    ADD CONSTRAINT product_stock_pkey PRIMARY KEY (id);


--
-- TOC entry 4831 (class 2606 OID 16772)
-- Name: product_stock product_stock_product_id_key; Type: CONSTRAINT; Schema: public; Owner: postgres
--

ALTER TABLE ONLY public.product_stock
    ADD CONSTRAINT product_stock_product_id_key UNIQUE (product_id);


--
-- TOC entry 4854 (class 2606 OID 16847)
-- Name: user_user user_user_pkey; Type: CONSTRAINT; Schema: public; Owner: postgres
--

ALTER TABLE ONLY public.user_user
    ADD CONSTRAINT user_user_pkey PRIMARY KEY (id);


--
-- TOC entry 4856 (class 2606 OID 16849)
-- Name: user_user user_user_user_id_key; Type: CONSTRAINT; Schema: public; Owner: postgres
--

ALTER TABLE ONLY public.user_user
    ADD CONSTRAINT user_user_user_id_key UNIQUE (user_id);


--
-- TOC entry 4785 (class 1259 OID 16734)
-- Name: auth_group_name_a6ea08ec_like; Type: INDEX; Schema: public; Owner: postgres
--

CREATE INDEX auth_group_name_a6ea08ec_like ON public.auth_group USING btree (name varchar_pattern_ops);


--
-- TOC entry 4790 (class 1259 OID 16675)
-- Name: auth_group_permissions_group_id_b120cbf9; Type: INDEX; Schema: public; Owner: postgres
--

CREATE INDEX auth_group_permissions_group_id_b120cbf9 ON public.auth_group_permissions USING btree (group_id);


--
-- TOC entry 4793 (class 1259 OID 16676)
-- Name: auth_group_permissions_permission_id_84c5c92e; Type: INDEX; Schema: public; Owner: postgres
--

CREATE INDEX auth_group_permissions_permission_id_84c5c92e ON public.auth_group_permissions USING btree (permission_id);


--
-- TOC entry 4780 (class 1259 OID 16661)
-- Name: auth_permission_content_type_id_2f476e4b; Type: INDEX; Schema: public; Owner: postgres
--

CREATE INDEX auth_permission_content_type_id_2f476e4b ON public.auth_permission USING btree (content_type_id);


--
-- TOC entry 4801 (class 1259 OID 16691)
-- Name: auth_user_groups_group_id_97559544; Type: INDEX; Schema: public; Owner: postgres
--

CREATE INDEX auth_user_groups_group_id_97559544 ON public.auth_user_groups USING btree (group_id);


--
-- TOC entry 4804 (class 1259 OID 16690)
-- Name: auth_user_groups_user_id_6a12ed8b; Type: INDEX; Schema: public; Owner: postgres
--

CREATE INDEX auth_user_groups_user_id_6a12ed8b ON public.auth_user_groups USING btree (user_id);


--
-- TOC entry 4807 (class 1259 OID 16705)
-- Name: auth_user_user_permissions_permission_id_1fbb5f2c; Type: INDEX; Schema: public; Owner: postgres
--

CREATE INDEX auth_user_user_permissions_permission_id_1fbb5f2c ON public.auth_user_user_permissions USING btree (permission_id);


--
-- TOC entry 4810 (class 1259 OID 16704)
-- Name: auth_user_user_permissions_user_id_a95ead1b; Type: INDEX; Schema: public; Owner: postgres
--

CREATE INDEX auth_user_user_permissions_user_id_a95ead1b ON public.auth_user_user_permissions USING btree (user_id);


--
-- TOC entry 4798 (class 1259 OID 16729)
-- Name: auth_user_username_6821ab7c_like; Type: INDEX; Schema: public; Owner: postgres
--

CREATE INDEX auth_user_username_6821ab7c_like ON public.auth_user USING btree (username varchar_pattern_ops);


--
-- TOC entry 4817 (class 1259 OID 16747)
-- Name: authtoken_token_key_10f0b77e_like; Type: INDEX; Schema: public; Owner: postgres
--

CREATE INDEX authtoken_token_key_10f0b77e_like ON public.authtoken_token USING btree (key varchar_pattern_ops);


--
-- TOC entry 4824 (class 1259 OID 16754)
-- Name: category_category_slug_4f83d5f6; Type: INDEX; Schema: public; Owner: postgres
--

CREATE INDEX category_category_slug_4f83d5f6 ON public.category_category USING btree (slug);


--
-- TOC entry 4825 (class 1259 OID 16755)
-- Name: category_category_slug_4f83d5f6_like; Type: INDEX; Schema: public; Owner: postgres
--

CREATE INDEX category_category_slug_4f83d5f6_like ON public.category_category USING btree (slug varchar_pattern_ops);


--
-- TOC entry 4813 (class 1259 OID 16725)
-- Name: django_admin_log_content_type_id_c4bce8eb; Type: INDEX; Schema: public; Owner: postgres
--

CREATE INDEX django_admin_log_content_type_id_c4bce8eb ON public.django_admin_log USING btree (content_type_id);


--
-- TOC entry 4816 (class 1259 OID 16726)
-- Name: django_admin_log_user_id_c564eba6; Type: INDEX; Schema: public; Owner: postgres
--

CREATE INDEX django_admin_log_user_id_c564eba6 ON public.django_admin_log USING btree (user_id);


--
-- TOC entry 4849 (class 1259 OID 16841)
-- Name: django_session_expire_date_a5c62663; Type: INDEX; Schema: public; Owner: postgres
--

CREATE INDEX django_session_expire_date_a5c62663 ON public.django_session USING btree (expire_date);


--
-- TOC entry 4852 (class 1259 OID 16840)
-- Name: django_session_session_key_c0390e0f_like; Type: INDEX; Schema: public; Owner: postgres
--

CREATE INDEX django_session_session_key_c0390e0f_like ON public.django_session USING btree (session_key varchar_pattern_ops);


--
-- TOC entry 4843 (class 1259 OID 16832)
-- Name: product_product_category_category_id_c14e57fb; Type: INDEX; Schema: public; Owner: postgres
--

CREATE INDEX product_product_category_category_id_c14e57fb ON public.product_product_category USING btree (category_id);


--
-- TOC entry 4848 (class 1259 OID 16831)
-- Name: product_product_category_product_id_dd5b89f7; Type: INDEX; Schema: public; Owner: postgres
--

CREATE INDEX product_product_category_product_id_dd5b89f7 ON public.product_product_category USING btree (product_id);


--
-- TOC entry 4839 (class 1259 OID 16811)
-- Name: product_product_sizes_product_id_f0009a9c; Type: INDEX; Schema: public; Owner: postgres
--

CREATE INDEX product_product_sizes_product_id_f0009a9c ON public.product_product_sizes USING btree (product_id);


--
-- TOC entry 4842 (class 1259 OID 16812)
-- Name: product_product_sizes_size_id_b1a42167; Type: INDEX; Schema: public; Owner: postgres
--

CREATE INDEX product_product_sizes_size_id_b1a42167 ON public.product_product_sizes USING btree (size_id);


--
-- TOC entry 4832 (class 1259 OID 16798)
-- Name: product_size_name_fa291da2_like; Type: INDEX; Schema: public; Owner: postgres
--

CREATE INDEX product_size_name_fa291da2_like ON public.product_size USING btree (name varchar_pattern_ops);


--
-- TOC entry 4858 (class 2606 OID 16670)
-- Name: auth_group_permissions auth_group_permissio_permission_id_84c5c92e_fk_auth_perm; Type: FK CONSTRAINT; Schema: public; Owner: postgres
--

ALTER TABLE ONLY public.auth_group_permissions
    ADD CONSTRAINT auth_group_permissio_permission_id_84c5c92e_fk_auth_perm FOREIGN KEY (permission_id) REFERENCES public.auth_permission(id) DEFERRABLE INITIALLY DEFERRED;


--
-- TOC entry 4859 (class 2606 OID 16665)
-- Name: auth_group_permissions auth_group_permissions_group_id_b120cbf9_fk_auth_group_id; Type: FK CONSTRAINT; Schema: public; Owner: postgres
--

ALTER TABLE ONLY public.auth_group_permissions
    ADD CONSTRAINT auth_group_permissions_group_id_b120cbf9_fk_auth_group_id FOREIGN KEY (group_id) REFERENCES public.auth_group(id) DEFERRABLE INITIALLY DEFERRED;


--
-- TOC entry 4857 (class 2606 OID 16656)
-- Name: auth_permission auth_permission_content_type_id_2f476e4b_fk_django_co; Type: FK CONSTRAINT; Schema: public; Owner: postgres
--

ALTER TABLE ONLY public.auth_permission
    ADD CONSTRAINT auth_permission_content_type_id_2f476e4b_fk_django_co FOREIGN KEY (content_type_id) REFERENCES public.django_content_type(id) DEFERRABLE INITIALLY DEFERRED;


--
-- TOC entry 4860 (class 2606 OID 16685)
-- Name: auth_user_groups auth_user_groups_group_id_97559544_fk_auth_group_id; Type: FK CONSTRAINT; Schema: public; Owner: postgres
--

ALTER TABLE ONLY public.auth_user_groups
    ADD CONSTRAINT auth_user_groups_group_id_97559544_fk_auth_group_id FOREIGN KEY (group_id) REFERENCES public.auth_group(id) DEFERRABLE INITIALLY DEFERRED;


--
-- TOC entry 4861 (class 2606 OID 16680)
-- Name: auth_user_groups auth_user_groups_user_id_6a12ed8b_fk_auth_user_id; Type: FK CONSTRAINT; Schema: public; Owner: postgres
--

ALTER TABLE ONLY public.auth_user_groups
    ADD CONSTRAINT auth_user_groups_user_id_6a12ed8b_fk_auth_user_id FOREIGN KEY (user_id) REFERENCES public.auth_user(id) DEFERRABLE INITIALLY DEFERRED;


--
-- TOC entry 4862 (class 2606 OID 16699)
-- Name: auth_user_user_permissions auth_user_user_permi_permission_id_1fbb5f2c_fk_auth_perm; Type: FK CONSTRAINT; Schema: public; Owner: postgres
--

ALTER TABLE ONLY public.auth_user_user_permissions
    ADD CONSTRAINT auth_user_user_permi_permission_id_1fbb5f2c_fk_auth_perm FOREIGN KEY (permission_id) REFERENCES public.auth_permission(id) DEFERRABLE INITIALLY DEFERRED;


--
-- TOC entry 4863 (class 2606 OID 16694)
-- Name: auth_user_user_permissions auth_user_user_permissions_user_id_a95ead1b_fk_auth_user_id; Type: FK CONSTRAINT; Schema: public; Owner: postgres
--

ALTER TABLE ONLY public.auth_user_user_permissions
    ADD CONSTRAINT auth_user_user_permissions_user_id_a95ead1b_fk_auth_user_id FOREIGN KEY (user_id) REFERENCES public.auth_user(id) DEFERRABLE INITIALLY DEFERRED;


--
-- TOC entry 4866 (class 2606 OID 16742)
-- Name: authtoken_token authtoken_token_user_id_35299eff_fk_auth_user_id; Type: FK CONSTRAINT; Schema: public; Owner: postgres
--

ALTER TABLE ONLY public.authtoken_token
    ADD CONSTRAINT authtoken_token_user_id_35299eff_fk_auth_user_id FOREIGN KEY (user_id) REFERENCES public.auth_user(id) DEFERRABLE INITIALLY DEFERRED;


--
-- TOC entry 4864 (class 2606 OID 16715)
-- Name: django_admin_log django_admin_log_content_type_id_c4bce8eb_fk_django_co; Type: FK CONSTRAINT; Schema: public; Owner: postgres
--

ALTER TABLE ONLY public.django_admin_log
    ADD CONSTRAINT django_admin_log_content_type_id_c4bce8eb_fk_django_co FOREIGN KEY (content_type_id) REFERENCES public.django_content_type(id) DEFERRABLE INITIALLY DEFERRED;


--
-- TOC entry 4865 (class 2606 OID 16720)
-- Name: django_admin_log django_admin_log_user_id_c564eba6_fk_auth_user_id; Type: FK CONSTRAINT; Schema: public; Owner: postgres
--

ALTER TABLE ONLY public.django_admin_log
    ADD CONSTRAINT django_admin_log_user_id_c564eba6_fk_auth_user_id FOREIGN KEY (user_id) REFERENCES public.auth_user(id) DEFERRABLE INITIALLY DEFERRED;


--
-- TOC entry 4870 (class 2606 OID 16826)
-- Name: product_product_category product_product_cate_category_id_c14e57fb_fk_category_; Type: FK CONSTRAINT; Schema: public; Owner: postgres
--

ALTER TABLE ONLY public.product_product_category
    ADD CONSTRAINT product_product_cate_category_id_c14e57fb_fk_category_ FOREIGN KEY (category_id) REFERENCES public.category_category(id) DEFERRABLE INITIALLY DEFERRED;


--
-- TOC entry 4871 (class 2606 OID 16821)
-- Name: product_product_category product_product_cate_product_id_dd5b89f7_fk_product_p; Type: FK CONSTRAINT; Schema: public; Owner: postgres
--

ALTER TABLE ONLY public.product_product_category
    ADD CONSTRAINT product_product_cate_product_id_dd5b89f7_fk_product_p FOREIGN KEY (product_id) REFERENCES public.product_product(id) DEFERRABLE INITIALLY DEFERRED;


--
-- TOC entry 4868 (class 2606 OID 16801)
-- Name: product_product_sizes product_product_sizes_product_id_f0009a9c_fk_product_product_id; Type: FK CONSTRAINT; Schema: public; Owner: postgres
--

ALTER TABLE ONLY public.product_product_sizes
    ADD CONSTRAINT product_product_sizes_product_id_f0009a9c_fk_product_product_id FOREIGN KEY (product_id) REFERENCES public.product_product(id) DEFERRABLE INITIALLY DEFERRED;


--
-- TOC entry 4869 (class 2606 OID 16806)
-- Name: product_product_sizes product_product_sizes_size_id_b1a42167_fk_product_size_id; Type: FK CONSTRAINT; Schema: public; Owner: postgres
--

ALTER TABLE ONLY public.product_product_sizes
    ADD CONSTRAINT product_product_sizes_size_id_b1a42167_fk_product_size_id FOREIGN KEY (size_id) REFERENCES public.product_size(id) DEFERRABLE INITIALLY DEFERRED;


--
-- TOC entry 4867 (class 2606 OID 16779)
-- Name: product_stock product_stock_product_id_61c93a58_fk_product_product_id; Type: FK CONSTRAINT; Schema: public; Owner: postgres
--

ALTER TABLE ONLY public.product_stock
    ADD CONSTRAINT product_stock_product_id_61c93a58_fk_product_product_id FOREIGN KEY (product_id) REFERENCES public.product_product(id) DEFERRABLE INITIALLY DEFERRED;


--
-- TOC entry 4872 (class 2606 OID 16850)
-- Name: user_user user_user_user_id_9e319f3f_fk_auth_user_id; Type: FK CONSTRAINT; Schema: public; Owner: postgres
--

ALTER TABLE ONLY public.user_user
    ADD CONSTRAINT user_user_user_id_9e319f3f_fk_auth_user_id FOREIGN KEY (user_id) REFERENCES public.auth_user(id) DEFERRABLE INITIALLY DEFERRED;


-- Completed on 2024-10-31 20:26:27

--
-- PostgreSQL database dump complete
--

